RAhms	DEdms	Vmag	Plx	B-V
14 29 47.75	-62 40 52.9	11.01	 772.33	 1.807
14 39 39.39	-60 50 22.1	 1.35	 742.12	 0.900
14 39 40.90	-60 50 06.5	-0.01	 742.12	 0.710
17 57 48.97	+04 40 05.8	 9.54	 549.01	 1.570
11 03 20.61	+35 58 53.3	 7.49	 392.40	 1.502
06 45 09.25	-16 42 47.3	-1.44	 379.21	 0.009
18 49 48.96	-23 50 08.8	10.37	 336.48	 1.510
03 32 56.42	-09 27 29.9	 3.72	 310.75	 0.881
23 05 47.17	-35 51 22.7	 7.35	 303.90	 1.483
11 47 44.04	+00 48 27.1	11.12	 299.58	 1.746
21 06 50.84	+38 44 29.4	 5.20	 287.13	 1.069
07 39 18.54	+05 13 39.0	 0.40	 285.93	 0.432
21 06 52.19	+38 44 03.9	 6.05	 285.42	 1.309
18 42 48.51	+59 37 20.5	 9.70	 284.48	 1.561
18 42 48.22	+59 37 33.7	 8.94	 280.28	 1.504
00 18 20.54	+44 01 19.0	 8.09	 280.27	 1.560
22 03 17.44	-56 46 47.3	 4.69	 275.76	 1.056
01 44 05.13	-15 56 22.4	 3.49	 274.17	 0.727
01 12 29.90	-17 00 01.9	12.10	 269.05	 1.850
07 27 24.16	+05 14 05.2	 9.84	 263.26	 1.573
05 11 35.21	-45 00 16.2	 8.86	 255.26	 1.543
21 17 17.71	-38 51 52.5	 6.69	 253.37	 1.397
22 28 00.42	+57 41 49.3	 9.59	 249.52	 1.613
06 29 23.00	-02 48 44.9	11.12	 242.89	 1.690
14 49 33.51	-26 06 21.7	11.72	 235.24	 1.480
16 30 18.11	-12 39 35.0	10.10	 234.51	 1.604
00 05 20.29	-37 21 06.1	 8.56	 229.33	 1.462
03 22 05.57	-13 16 41.2	12.16	 227.45	
00 49 09.18	+05 23 42.7	12.37	 226.95	 0.554
14 49 32.69	-26 06 40.2	12.07	 221.80	 1.524
17 36 26.41	+68 20 32.0	 9.15	 220.85	 1.505
17 28 39.46	-46 53 35.0	 9.38	 220.43	 1.553
23 06 38.89	-14 52 20.6	12.24	 216.52	
11 45 39.26	-64 50 26.4	11.50	 216.40	 0.196
22 53 16.16	-14 15 43.4	10.16	 212.69	 1.597
11 05 32.13	+43 31 28.1	 8.82	 206.94	 1.491
10 11 23.36	+49 27 19.7	 6.60	 205.22	 1.326
16 54 32.15	-62 24 13.5	11.72	 203.01	
17 29 36.19	+24 39 11.6	11.39	 202.69	 1.101
21 33 34.02	-49 00 25.3	 8.66	 202.53	 1.521
17 37 04.24	-44 19 01.0	10.94	 198.32	 1.655
04 15 17.64	-07 38 40.4	 4.43	 198.24	 0.820
22 46 50.31	+44 20 06.4	10.29	 198.07	 1.540
18 05 27.21	+02 30 08.8	 4.03	 196.62	 0.860
19 50 46.68	+08 52 02.6	 0.76	 194.44	 0.221
00 15 27.67	-16 07 56.3	11.49	 191.86	 1.750
11 47 39.17	+78 41 24.0	10.80	 185.48	 1.572
13 45 42.70	+14 53 42.2	 8.46	 184.13	 1.435
20 52 33.20	-16 58 29.3	11.41	 182.15	 1.653
04 31 10.05	+58 58 55.4	10.82	 181.36	 1.170
06 54 49.47	+33 16 08.9	 9.89	 181.32	 1.580
10 50 52.54	+06 48 36.4	11.64	 177.46	 1.679
05 31 26.95	-03 40 19.7	 7.97	 175.72	 1.474
16 55 29.24	-08 20 03.1	 9.02	 174.23	 1.553
19 32 20.59	+69 39 55.4	 4.67	 173.41	 0.786
06 10 34.70	-21 51 46.5	 8.15	 173.19	 1.487
05 42 08.07	+12 29 35.4	11.56	 172.78	 1.675
17 46 35.44	-57 18 56.7	10.75	 172.08	 1.660
19 16 55.60	+05 10 19.7	 9.12	 170.26	 1.464
14 57 27.35	-21 24 40.6	 5.72	 169.32	 1.024
07 44 40.38	+03 33 12.8	11.19	 168.59	 1.600
15 32 13.85	-41 16 23.1	 9.31	 168.52	 1.524
00 49 05.10	+57 48 59.6	 3.46	 167.99	 0.587
17 16 13.68	-26 32 36.3	 6.33	 167.56	 1.144
23 49 11.95	+02 24 12.9	 8.98	 167.51	 1.460
17 15 21.29	-26 36 00.2	 4.33	 167.08	 0.855
20 11 11.61	-36 05 50.6	 5.32	 165.24	 0.868
03 19 53.22	-43 04 17.6	 4.26	 165.02	 0.711
20 08 41.86	-66 10 45.6	 3.55	 163.73	 0.751
14 34 17.02	-12 31 15.6	11.32	 163.51	 1.633
17 46 12.66	-32 06 10.0	10.49	 161.77	 1.463
17 46 14.47	-32 06 06.0	11.39	 161.77	 1.439
09 14 24.27	+52 41 16.8	 7.64	 161.59	 1.410
20 13 52.75	-45 09 49.1	 7.97	 161.17	 1.431
23 31 51.83	+19 56 14.7	10.05	 160.06	 1.190
15 19 27.55	-07 43 19.3	10.57	 159.52	 1.600
09 14 26.19	+52 41 16.7	 7.70	 159.48	 1.420
17 12 07.62	+45 40 11.4	 9.31	 158.17	 1.485
07 10 02.16	+38 31 54.4	11.65	 157.24	 1.700
11 06 30.69	-53 16 07.9	11.69	 155.28	
16 55 25.70	-08 19 13.4	11.73	 153.96	 1.700
23 13 14.74	+57 10 03.5	 5.57	 153.24	 1.000
16 25 24.19	+54 18 16.3	10.13	 151.93	 1.591
11 00 04.53	+22 50 01.1	10.03	 150.96	 1.525
14 51 23.28	+19 06 02.3	 4.54	 149.26	 0.720
21 29 36.20	+17 38 32.6	10.33	 148.29	 1.620
23 07 19.53	-32 16 05.5	12.28	 147.95	
22 56 35.43	+16 33 14.8	 8.68	 145.27	 1.507
17 18 56.36	-34 59 22.5	 5.91	 143.45	 1.082
20 53 19.79	+62 09 22.6	 8.55	 141.95	 1.483
02 36 03.83	+06 53 00.1	 5.79	 138.72	 0.918
10 28 55.90	+00 50 34.0	 9.65	 138.29	 1.507
17 09 31.27	+43 40 55.3	11.77	 137.84	 1.696
00 48 22.53	+05 17 00.2	 5.74	 134.04	 0.890
01 42 29.95	+20 16 12.5	 5.24	 133.91	 0.836
00 25 39.20	-77 15 18.1	 2.82	 133.78	 0.618
14 57 25.92	-21 24 26.9	 8.01	 133.63	 1.519
02 44 14.95	+25 31 27.3	10.55	 132.42	 1.530
01 08 12.92	+54 55 27.2	 5.17	 132.40	 0.704
13 29 59.12	+10 22 47.2	 9.05	 131.12	 1.493
22 56 23.83	-31 33 54.6	 6.48	 130.94	 1.094
12 40 46.92	-43 34 05.0	12.24	 130.52	 1.750
22 57 38.83	-29 37 18.6	 1.17	 130.08	 0.145
17 25 45.57	+02 06 51.5	 7.54	 129.54	 1.359
18 36 56.19	+38 46 58.8	 0.03	 128.93	-0.001
18 05 07.25	-03 01 49.8	 9.37	 128.28	 1.508
10 12 17.76	-03 44 42.3	 9.26	 127.99	 1.487
20 30 31.42	+65 26 55.9	10.54	 125.62	 1.542
21 31 17.92	-09 47 25.9	11.96	 124.82	 1.703
06 57 47.50	-44 17 27.9	10.81	 124.62	 1.636
04 49 50.14	+06 57 40.5	 3.19	 124.60	 0.484
16 24 08.32	+48 21 14.4	10.27	 124.34	 1.475
18 21 02.34	+72 44 01.3	 3.55	 124.11	 0.489
17 37 52.78	+18 35 21.5	 9.62	 123.02	 1.530
01 10 22.31	-67 26 46.8	 9.80	 122.86	 1.568
23 00 16.69	-22 31 28.2	 7.88	 122.80	 1.379
01 02 28.99	+71 40 50.7	 9.98	 122.77	 1.501
01 39 47.24	-56 11 47.2	 5.76	 122.75	 0.880
07 58 12.53	+41 18 19.3	12.02	 122.53	 1.618
15 42 07.78	-19 28 09.3	11.83	 121.86	 1.591
12 47 57.22	+09 45 09.1	11.39	 121.78	 1.563
19 01 53.68	-36 57 08.1	11.57	 121.75	
04 29 44.91	-29 01 34.9	11.42	 120.70	 0.646
06 33 47.54	-75 37 32.2	11.41	 119.54	
12 33 45.09	+41 21 24.4	 4.24	 119.46	 0.588
17 46 27.72	+27 43 21.0	 3.42	 119.05	 0.750
16 20 04.05	-37 31 53.1	10.56	 118.03	 1.550
05 02 28.51	-21 15 22.0	 8.31	 117.38	 1.430
13 18 24.97	-18 18 31.0	 4.74	 117.30	 0.709
11 51 07.53	+35 16 17.0	 9.76	 116.92	 1.477
00 20 01.91	-64 52 39.4	 4.23	 116.38	 0.576
22 55 47.90	-75 27 21.9	10.42	 116.02	 1.485
19 07 05.86	+20 53 20.0	10.77	 115.91	 1.570
22 38 45.29	-20 37 15.4	 9.06	 115.71	 1.466
05 54 23.08	+20 16 35.1	 4.39	 115.43	 0.594
05 28 00.27	+09 38 44.8	12.48	 115.04	 1.653
06 52 18.37	-05 10 25.3	 6.58	 114.94	 1.071
03 07 57.95	-28 13 15.5	11.72	 114.73	
06 33 43.98	-75 37 50.4	10.35	 114.18	
22 09 39.68	-04 38 26.5	10.41	 113.97	 1.531
17 19 02.95	-46 38 11.4	 5.47	 113.81	 0.764
05 00 48.68	-05 45 03.5	 6.22	 113.46	 1.049
20 15 16.58	-27 01 57.1	 5.73	 113.33	 0.878
19 07 13.50	+20 52 40.2	10.76	 112.82	 1.570
12 24 51.83	-18 14 12.0	11.28	 112.52	 1.574
22 01 12.88	+28 18 24.5	11.99	 111.57	 1.718
05 44 27.97	-22 26 51.0	 3.59	 111.49	 0.481
09 36 01.55	-21 39 30.2	10.91	 111.41	 1.572
11 35 27.00	-32 32 16.4	 9.81	 110.65	 1.489
03 43 14.96	-09 45 54.7	 3.52	 110.58	 0.915
11 20 09.03	+65 50 45.7	 9.31	 109.95	 1.412
13 42 43.35	+33 17 30.6	12.03	 109.89	 2.400
16 54 31.73	-62 24 00.8	11.85	 109.57	 1.729
08 16 08.20	+01 18 08.7	10.08	 109.23	 1.510
13 11 52.92	+27 52 33.7	 4.23	 109.23	 0.572
11 52 55.82	+37 43 58.1	 6.42	 109.21	 0.754
03 19 21.54	+03 22 11.9	 4.84	 109.18	 0.681
21 26 26.49	-65 22 05.3	 4.21	 108.50	 0.494
11 46 32.25	-40 30 04.8	 4.89	 108.23	 0.664
05 03 20.22	-17 22 20.8	11.71	 107.86	 1.661
05 08 34.74	-18 10 07.1	10.28	 107.30	 1.520
06 10 19.63	+82 06 36.0	10.48	 106.43	 1.514
04 42 55.37	+18 57 39.2	 9.95	 106.16	 1.523
02 05 04.04	-17 36 51.2	10.19	 105.94	 1.514
02 05 48.91	-30 10 36.8	12.15	 105.64	 1.719
17 43 55.95	+43 22 48.3	10.49	 105.39	 1.528
09 39 46.78	-41 04 06.3	10.72	 105.34	 1.521
11 34 29.95	-32 50 00.0	 5.96	 104.84	 0.811
11 41 03.03	+34 12 09.2	 5.31	 104.81	 0.723
09 30 44.92	+00 19 26.4	11.71	 103.56	 1.588
12 37 53.20	-52 00 05.6	10.65	 103.54	 1.470
16 45 06.38	+33 30 29.9	 8.10	 102.35	 1.310
17 35 13.54	-48 40 55.1	10.13	 102.30	 1.543
16 36 21.18	-02 19 25.8	 5.77	 102.27	 0.827
14 54 29.07	+16 06 04.9	10.11	 101.91	 1.500
09 44 30.22	-45 46 30.3	10.22	 101.87	 1.530
06 37 11.27	+17 33 50.4	 9.63	 101.59	 1.480
14 42 22.01	+66 03 21.2	10.88	 101.34	 1.615
17 17 23.46	-07 52 36.6	11.09	 100.89	
20 45 09.34	-31 20 24.1	 8.81	 100.59	 1.470
01 47 44.06	+63 51 11.2	 5.63	 100.24	 0.804
17 30 22.71	+05 32 56.8	 9.33	 100.17	 1.461
15 35 47.64	-80 12 08.3	11.65	  99.90	
01 02 37.95	+62 20 41.4	 9.56	  99.44	 1.463
13 57 32.10	+61 29 32.4	 6.49	  98.97	 1.040
00 32 26.81	+67 14 10.4	10.27	  98.74	 1.520
19 12 13.55	+02 53 15.6	11.09	  98.56	 1.542
06 10 14.20	-74 45 09.1	 5.08	  98.54	 0.714
03 10 30.96	-68 36 02.5	11.39	  98.50	 0.025
23 53 49.54	-75 37 53.8	 9.99	  98.43	 1.466
14 01 03.67	-02 39 22.8	 9.71	  98.26	 1.461
10 22 19.87	-47 58 22.1	11.49	  98.17	 3.500
11 57 56.92	-27 42 19.9	 6.99	  98.16	 1.128
12 49 03.38	+66 06 37.6	10.94	  98.14	 1.626
04 37 40.64	+52 53 41.2	 8.62	  98.12	 1.423
14 53 51.90	+23 33 19.9	11.53	  97.83	
20 41 50.97	-32 26 03.6	10.27	  97.80	 1.550
11 42 10.51	+26 42 30.8	10.67	  97.73	 1.493
22 02 10.54	+01 24 03.3	 9.17	  96.98	 1.453
16 58 08.92	+25 44 43.4	 9.70	  96.90	 1.522
07 45 19.36	+28 01 34.7	 1.16	  96.74	 0.991
13 19 45.58	+47 46 41.1	 8.48	  96.41	 1.469
02 52 31.89	-12 46 09.3	 6.05	  96.33	 0.862
02 12 22.02	+03 34 48.4	10.04	  96.28	 1.431
11 31 47.07	-41 02 48.7	11.55	  95.46	 1.635
09 56 09.06	+62 47 23.6	 8.99	  95.40	 1.438
09 21 38.59	-60 16 56.6	 9.49	  95.37	 1.472
09 31 19.00	-13 29 19.8	10.06	  94.95	 1.545
03 09 02.88	+49 36 48.6	 4.05	  94.93	 0.595
06 54 03.64	+60 52 27.0	11.01	  94.02	 1.552
22 06 11.82	+10 05 28.8	10.20	  93.81	 0.668
16 16 43.50	+67 14 19.1	 8.61	  93.79	 1.409
11 09 31.86	-24 35 51.2	10.44	  93.56	 1.529
23 21 37.78	+17 17 37.5	11.70	  93.50	 1.524
17 39 17.02	+03 33 19.7	 6.53	  93.36	 0.959
16 16 46.04	+67 15 21.7	10.69	  93.14	 1.500
17 05 03.93	-05 03 49.5	 7.70	  92.98	 1.100
03 01 51.61	-16 35 33.5	10.40	  92.97	
06 10 54.77	+10 19 13.1	10.41	  92.77	 1.450
12 50 43.58	-00 46 01.8	 8.49	  92.75	 1.409
23 52 24.52	+75 32 40.2	 6.36	  92.68	 0.977
16 41 17.48	+31 36 06.8	 2.81	  92.63	 0.650
17 11 52.57	-01 51 03.5	11.45	  92.58	 1.600
02 17 02.42	+34 13 29.4	 4.84	  92.20	 0.607
07 38 40.67	-21 13 24.3	11.68	  92.15	 1.588
03 32 56.11	-44 42 08.2	11.47	  92.05	 1.560
11 50 41.29	+01 45 55.4	 3.59	  91.74	 0.518
13 37 28.54	+35 43 04.5	 9.06	  91.72	 1.391
02 10 24.00	-50 49 31.1	 6.12	  91.63	 0.812
16 48 25.48	+59 03 25.3	12.24	  91.13	 0.160
11 41 45.09	+42 45 07.9	11.86	  90.66	 1.503
04 37 42.00	-11 02 18.3	10.34	  90.23	 1.505
01 52 48.64	-22 26 05.5	 8.89	  90.17	 1.424
11 49 03.88	+14 34 20.4	 2.14	  90.16	 0.090
18 09 37.65	+38 27 32.1	 6.38	  90.11	 0.876
00 39 22.09	+21 15 04.9	 5.88	  90.03	 0.850
18 58 00.25	+05 54 39.9	 9.22	  90.02	 1.444
15 56 26.99	+15 39 53.0	 3.85	  89.92	 0.478
08 43 18.26	-38 52 59.5	 6.58	  89.78	 0.917
14 31 01.40	-12 17 42.5	11.92	  89.76	 1.591
17 05 14.32	-05 05 29.3	10.08	  89.70	 1.476
09 51 06.68	-43 30 05.9	 7.67	  89.67	 1.156
04 53 31.07	-55 51 37.8	10.73	  89.47	 1.580
09 35 40.03	+35 48 38.8	 5.40	  89.45	 0.770
19 20 34.96	-07 39 58.6	12.28	  89.08	 0.070
13 16 50.67	+17 01 04.1	 6.49	  89.07	 0.926
02 44 11.69	+49 13 43.2	 4.10	  89.03	 0.514
01 43 20.43	+04 19 24.7	10.93	  88.86	 1.525
14 15 40.35	+19 11 14.2	-0.05	  88.85	 1.239
13 54 41.12	+18 23 54.9	 2.68	  88.17	 0.580
18 41 59.24	+31 49 49.7	11.27	  88.14	 1.579
09 41 10.76	+13 12 35.7	10.38	  88.06	 1.490
05 36 30.99	+11 19 40.8	 8.78	  87.90	 1.415
15 21 52.88	+20 58 38.8	10.66	  87.79	 2.100
13 45 50.90	-17 58 00.8	11.81	  87.73	 1.542
23 39 37.11	-72 43 13.3	 7.09	  87.72	 0.989
06 07 43.86	-25 44 39.7	11.87	  87.64	 1.600
07 31 57.88	+36 13 11.7	10.52	  87.61	 1.439
19 45 49.47	+32 23 11.9	10.61	  87.57	
13 00 46.95	+12 22 32.7	 9.76	  87.50	 1.448
22 11 29.89	+18 25 32.7	10.25	  87.42	 1.465
09 55 23.93	-27 15 39.4	12.04	  87.26	 1.635
04 29 00.17	+21 55 20.2	 8.30	  87.17	 1.363
07 31 57.51	+36 13 49.6	11.82	  87.15	 1.567
07 34 28.07	+62 56 30.3	10.40	  87.01	 0.942
00 05 10.16	+45 47 13.0	 9.95	  86.98	 1.472
02 52 20.88	-63 40 52.9	11.36	  86.91	 1.549
02 34 22.52	-43 47 44.3	 8.89	  86.87	 1.390
05 05 47.41	-57 33 14.8	 8.98	  86.76	 1.386
09 42 52.87	+70 02 24.2	11.19	  86.69	 1.488
14 53 24.04	+19 09 08.2	 6.00	  86.69	 0.841
18 55 27.36	+08 24 09.6	10.10	  86.27	 1.539
05 05 30.69	-57 28 22.8	 4.71	  85.83	 0.526
11 02 38.25	+21 58 02.2	 9.57	  85.76	 1.437
15 00 55.38	+45 25 31.1	 9.15	  85.48	 1.427
09 42 35.99	+70 02 04.3	10.56	  85.14	 1.463
00 05 40.28	+45 48 44.8	 8.20	  85.10	 1.410
15 46 26.75	+07 21 11.7	 4.42	  85.08	 0.604
22 07 00.47	+25 20 42.2	 3.77	  85.06	 0.435
14 13 12.50	-56 44 33.0	10.20	  85.02	 1.500
04 30 12.52	+05 17 54.7	 9.83	  84.76	 0.600
20 02 34.83	-50 03 06.4	 8.69	  84.75	 1.124
20 02 35.85	-50 02 57.8	 9.92	  84.75	
21 47 02.29	-16 07 35.6	 2.85	  84.58	 0.180
12 41 40.00	-01 26 58.3	 2.74	  84.53	 0.368
14 19 05.36	-59 22 37.4	 6.66	  84.50	 1.017
21 59 33.68	-59 45 09.0	 9.74	  84.26	 1.479
02 22 14.46	+47 52 47.7	 9.40	  83.93	 1.466
11 11 04.77	+30 26 47.4	 8.31	  83.85	 1.255
00 50 33.12	+24 49 00.6	12.01	  83.20	
01 59 23.16	+58 31 17.8	12.21	  83.20	 1.540
17 11 34.59	+38 26 34.3	11.54	  83.13	
17 19 54.35	+26 30 00.0	11.26	  83.01	 1.628
03 18 11.14	-62 30 28.6	 5.24	  82.79	 0.600
16 28 27.80	-70 05 04.8	 4.90	  82.61	 0.555
20 42 18.70	-52 41 48.0	 8.83	  82.57	 1.324
04 52 05.64	+06 28 38.3	11.94	  82.52	 1.590
03 17 44.47	-62 34 36.8	 5.53	  82.51	 0.641
21 09 17.00	-13 17 51.6	10.87	  82.33	 1.490
08 32 52.26	-31 30 09.7	 6.38	  82.15	 0.780
05 41 20.33	+53 28 56.4	 6.21	  81.69	 0.840
15 55 08.81	-63 25 47.1	 2.83	  81.24	 0.315
10 12 04.39	-02 40 59.8	10.64	  81.23	 1.566
07 16 19.80	+27 08 34.7	10.83	  81.05	 1.520
17 19 52.49	+41 42 57.0	11.37	  80.98	 1.560
04 53 49.73	-17 46 18.7	10.90	  80.89	 1.547
02 13 53.10	-32 02 23.8	10.31	  80.79	 1.479
00 02 09.65	+27 05 04.2	 5.80	  80.63	 0.690
05 41 30.73	+53 29 27.8	 9.78	  80.13	 1.473
10 25 11.25	-10 13 44.4	10.15	  80.07	 1.459
20 45 03.74	+44 29 54.3	10.79	  80.01	 1.491
11 41 03.01	-44 24 20.8	 7.77	  79.91	 1.064
08 52 36.13	+28 19 53.0	 5.96	  79.80	 0.869
11 16 02.89	-57 33 01.9	11.66	  79.71	 1.490
07 28 45.18	-03 17 46.4	11.47	  79.65	 1.486
17 10 59.39	-52 30 57.2	10.05	  79.53	 1.457
08 18 23.78	-12 37 47.2	 5.95	  79.48	 0.754
03 27 52.07	-19 48 18.8	 8.39	  79.26	 1.337
18 57 30.60	-55 59 26.9	 8.86	  79.14	 1.433
01 41 46.52	+42 36 49.7	 4.96	  79.09	 0.618
05 19 08.08	+40 06 02.4	 4.69	  79.08	 0.630
02 18 58.65	-25 56 48.4	 6.33	  78.88	 0.724
09 29 55.12	+05 39 17.5	 7.20	  78.87	 1.002
18 38 44.68	-14 29 21.0	11.28	  78.52	 1.556
05 12 42.05	+19 39 54.3	10.82	  78.50	 1.550
15 03 47.68	+47 39 14.5	 4.83	  78.39	 0.647
05 32 14.76	+09 49 16.8	11.55	  78.30	 1.637
12 11 11.89	-19 57 36.5	11.67	  78.14	 1.558
17 25 00.90	+67 18 24.1	 6.44	  78.14	 0.759
22 33 01.91	+09 22 39.5	10.36	  78.07	 1.501
08 31 37.72	+19 23 40.2	11.90	  78.05	 1.850
16 23 33.78	-39 13 46.2	11.01	  78.04	-0.165
05 54 04.30	-60 01 24.0	 7.17	  77.95	 0.935
10 30 37.76	+55 58 50.2	 4.82	  77.82	 0.541
19 23 38.93	-39 11 21.0	12.39	  77.71	
16 24 01.24	-39 11 34.8	 5.37	  77.69	 0.625
11 24 40.94	-61 38 51.9	 7.22	  77.58	 1.271
12 00 44.37	-10 26 41.4	 5.54	  77.48	 0.760
05 16 41.30	+45 59 56.5	 0.08	  77.29	 0.795
18 12 21.29	-43 26 37.8	 8.38	  77.18	 1.297
05 28 26.28	-03 29 51.4	 7.65	  77.03	 1.113
18 38 53.45	-21 03 05.4	 5.85	  77.02	 0.673
12 23 32.83	+67 11 19.0	11.19	  77.01	
13 45 04.80	+17 47 23.6	 9.79	  76.70	 1.420
15 41 14.70	+75 59 40.7	12.22	  76.57	 1.650
06 39 38.05	-55 36 34.9	 9.80	  76.47	 1.377
04 15 56.14	-53 18 38.8	 7.64	  76.46	 1.115
02 50 09.85	-53 08 24.7	10.72	  76.45	 1.510
00 58 27.08	-27 51 22.7	11.77	  76.32	 1.558
07 35 21.99	+54 50 58.9	11.36	  76.31	 1.591
20 02 47.10	+03 19 33.2	 7.46	  76.26	 1.128
23 24 30.58	+57 51 18.0	10.03	  76.23	 1.465
13 51 01.44	+23 45 49.1	13.31	  76.20	
21 38 00.07	+27 43 26.1	 9.83	  76.07	 1.495
11 21 26.55	-20 27 12.6	 8.57	  76.00	 1.340
13 19 33.32	+35 06 43.4	 9.48	  75.96	 1.470
18 31 19.05	-18 54 30.0	 6.81	  75.71	 0.861
13 39 24.14	+46 11 08.0	10.24	  75.43	 1.368
04 47 36.21	-16 56 05.5	 5.49	  75.10	 0.632
08 42 44.40	+09 33 29.7	 9.62	  74.95	 1.400
19 46 23.61	+32 01 04.8	 9.74	  74.90	 1.517
03 35 00.58	-48 25 11.6	 8.57	  74.86	 1.310
22 22 16.39	-54 33 40.3	 8.98	  74.75	 1.329
12 31 16.18	+08 48 42.7	 9.74	  74.58	 1.441
14 33 29.05	+52 54 29.5	 7.24	  74.50	 0.997
01 43 41.25	+63 49 29.3	 8.42	  74.45	 1.202
21 49 11.13	-41 33 28.3	11.52	  74.42	 1.570
03 16 13.34	+58 10 05.4	10.53	  74.29	 1.430
01 36 47.98	+41 24 23.0	 4.10	  74.25	 0.536
09 32 52.33	+51 40 43.0	 3.17	  74.15	 0.475
04 41 19.00	+20 54 07.7	 8.09	  74.13	 1.092
17 07 07.78	+21 33 14.7	11.61	  73.94	 1.560
09 31 56.48	+36 19 17.4	10.19	  73.88	 1.475
22 40 43.13	-29 40 28.0	 7.83	  73.85	 1.143
12 28 57.96	+08 25 34.1	11.99	  73.77	 1.668
17 57 50.98	+46 35 14.1	11.79	  73.75	 1.560
05 59 37.74	+58 35 37.1	10.25	  73.58	 1.480
22 18 15.18	-53 37 31.9	 5.36	  73.47	 0.614
13 49 04.28	+26 58 48.5	 7.05	  73.25	 1.110
20 57 24.87	+22 21 47.7	11.98	  73.24	 1.533
09 51 08.96	-12 19 34.7	10.04	  73.10	 1.446
17 10 10.27	-60 43 48.7	 7.38	  73.07	 0.889
05 45 47.90	+62 14 19.3	 9.02	  73.04	 1.379
04 08 37.03	+33 38 12.2	10.18	  73.01	 1.495
00 06 36.53	+29 01 19.0	 6.07	  72.98	 0.752
19 55 18.77	+06 24 28.6	 3.71	  72.95	 0.855
03 36 52.52	+00 24 10.2	 4.29	  72.89	 0.575
03 21 20.41	+79 57 59.6	11.21	  72.80	 1.590
10 16 46.20	-11 57 37.1	10.99	  72.79	 1.506
16 13 49.49	-57 34 01.5	 7.53	  72.75	 0.815
13 32 44.44	+16 48 41.0	11.38	  72.66	 1.540
23 39 56.82	+05 37 38.5	 4.13	  72.51	 0.507
23 39 20.98	+77 37 55.1	 3.21	  72.50	 1.031
21 01 58.78	-06 19 03.6	11.23	  72.37	 1.527
10 45 16.71	-30 48 24.9	11.22	  72.19	 1.503
18 59 07.33	-48 16 23.8	11.13	  72.07	 1.446
22 12 35.88	+08 33 17.5	11.99	  71.97	 1.553
08 36 27.06	+67 17 41.8	 9.28	  71.96	 1.417
15 59 53.26	-08 15 11.3	10.49	  71.84	 1.497
23 32 49.19	-16 50 42.4	 8.59	  71.70	 1.290
11 30 42.03	-08 05 45.2	11.98	  71.64	 1.548
02 35 53.15	+20 13 12.8	10.68	  71.60	 1.470
02 19 09.06	-36 46 45.9	11.59	  71.56	 1.510
02 45 05.98	-18 34 21.5	 4.47	  71.56	 0.481
23 34 03.91	+00 10 54.1	11.16	  71.56	 1.454
22 50 19.49	-07 05 25.3	 9.86	  71.43	 1.452
13 51 59.62	+49 57 04.5	 8.82	  71.39	 1.317
05 03 22.63	+53 07 55.9	 9.96	  71.35	 1.389
16 15 37.13	-08 22 05.7	 5.49	  71.30	 0.652
03 43 55.15	-19 06 40.6	 7.10	  71.17	 0.927
10 59 28.22	+40 25 48.4	 5.03	  71.04	 0.624
00 53 00.72	-30 21 25.2	 7.15	  71.01	 0.936
17 34 59.25	+61 52 33.0	 5.23	  70.98	 0.602
17 35 34.16	+61 40 58.1	 9.98	  70.95	 1.456
10 45 21.51	+38 30 41.1	 9.16	  70.87	 1.416
03 12 04.28	-28 59 20.8	 3.80	  70.86	 0.543
18 47 27.33	-03 38 21.0	 8.81	  70.80	 1.295
07 48 15.48	+20 22 13.9	11.46	  70.74	 1.510
13 28 20.99	-02 21 32.8	11.23	  70.62	 1.539
09 43 55.99	+26 58 09.3	12.08	  70.59	 1.542
21 03 14.33	-56 57 51.4	12.88	  70.51	 1.653
13 49 45.91	-22 06 35.6	 8.16	  70.49	 1.257
07 39 59.29	-03 35 48.6	 7.18	  70.44	 0.891
19 54 17.82	-23 56 24.3	 6.22	  70.34	 1.017
22 51 53.18	+31 45 15.6	11.66	  70.30	 1.500
02 52 06.43	+34 23 30.3	 9.60	  70.19	 1.315
02 16 40.73	-30 59 20.4	12.02	  70.16	 1.583
08 39 11.74	+65 01 14.5	 5.63	  70.07	 0.618
14 29 30.34	+15 31 46.1	10.67	  70.06	 1.471
12 41 06.41	+15 22 39.3	 7.91	  69.94	 1.109
07 36 07.06	-03 06 36.6	 9.87	  69.85	 1.455
17 34 56.00	+12 33 38.1	 2.08	  69.84	 0.155
13 09 59.55	+17 31 44.8	 4.32	  69.81	 0.455
05 23 38.23	+17 19 26.9	 7.93	  69.76	 1.104
21 11 49.40	-43 36 43.1	11.98	  69.76	 1.586
14 24 55.66	+08 53 14.0	12.23	  69.73	 1.613
20 45 17.27	+61 50 12.5	 3.41	  69.73	 0.912
16 09 42.94	-56 26 45.5	 7.11	  69.66	 0.856
16 04 57.22	+39 09 23.0	 6.66	  69.61	 0.734
16 44 15.03	-38 56 36.6	 7.52	  69.58	 1.024
17 20 39.47	+32 28 13.0	 5.38	  69.48	 0.619
14 21 57.64	+29 37 49.3	 8.56	  69.43	 1.275
07 18 08.34	+39 16 30.3	10.30	  69.21	 1.508
19 34 39.53	+04 34 54.3	 9.35	  69.09	 1.390
15 09 35.94	+03 09 56.3	11.46	  68.99	 1.511
09 06 45.53	-08 48 26.4	 9.50	  68.86	 1.418
13 40 07.36	-04 11 14.2	 9.61	  68.80	 1.376
16 56 48.52	-39 05 37.2	11.18	  68.71	 1.510
15 21 49.57	-48 19 01.1	 5.65	  68.70	 0.639
14 25 12.02	+51 51 06.2	 4.04	  68.63	 0.497
03 46 19.89	+26 12 57.5	 9.61	  68.62	 1.437
05 55 43.01	-26 51 23.3	10.70	  68.58	 1.054
20 07 44.78	-31 45 07.8	12.19	  68.49	 1.560
07 01 13.61	-25 56 55.7	 6.71	  68.42	 0.882
10 39 44.21	-37 55 12.4	11.02	  68.38	 1.529
08 59 12.84	+48 02 32.5	 3.12	  68.32	 0.223
20 40 11.44	-23 46 30.0	 6.36	  68.28	 0.719
06 26 10.32	+18 45 26.3	 6.78	  68.20	 0.938
05 24 25.31	+17 23 00.8	 5.00	  68.19	 0.544
15 57 40.95	-42 37 25.6	 8.06	  68.18	 1.118
15 44 01.85	+02 30 55.9	 5.86	  68.16	 0.684
20 46 05.77	-25 16 13.9	 4.13	  68.16	 0.426
11 15 12.73	+73 28 29.8	 7.68	  68.13	 1.043
21 36 40.85	-50 50 41.6	 7.14	  67.85	 0.879
12 08 24.75	-24 43 43.6	 4.02	  67.71	 0.334
20 56 46.62	-10 26 44.9	11.38	  67.71	 1.563
03 06 26.51	+01 58 02.7	 9.07	  67.69	 1.358
07 17 29.58	-46 58 50.4	 6.70	  67.69	 0.975
20 34 22.14	+25 03 54.7	11.53	  67.65	-0.097
23 30 13.24	-20 23 25.7	11.09	  67.57	 1.500
22 38 28.59	-65 22 41.2	11.50	  67.44	 1.593
21 05 19.70	+07 04 14.4	 8.27	  67.38	 1.119
07 39 23.12	+02 11 03.3	 9.66	  67.27	 1.379
02 37 52.70	-58 45 12.9	12.36	  67.20	
09 42 14.67	-23 54 58.4	 4.93	  67.19	 0.534
10 01 01.02	+31 55 29.0	 5.37	  67.14	 0.676
10 02 22.30	+48 05 32.6	10.03	  67.14	 1.359
16 12 41.76	-18 52 30.0	11.34	  67.13	 1.486
00 45 45.43	-47 33 07.8	 5.80	  66.92	 0.635
05 28 44.78	-65 26 56.2	 6.88	  66.92	 0.830
17 16 41.15	+08 03 30.8	11.49	  66.92	 1.517
21 18 34.58	+62 35 07.6	 2.45	  66.84	 0.257
04 09 14.64	-53 22 30.4	11.79	  66.82	 1.480
06 00 19.80	-31 01 52.2	 7.85	  66.82	 1.137
18 57 01.47	+32 54 05.8	 5.20	  66.76	 0.594
00 17 05.94	+40 56 53.1	 8.99	  66.71	 1.370
05 47 40.02	-36 19 41.8	10.72	  66.71	 1.476
05 56 24.32	-14 10 04.9	 3.71	  66.47	 0.337
01 07 06.14	+63 56 26.0	 9.00	  66.46	 1.289
01 15 10.57	-45 31 55.5	 4.97	  66.43	 0.571
12 44 14.90	+51 45 35.1	 7.01	  66.40	 0.936
23 09 41.44	-67 43 56.3	 8.29	  66.36	 1.201
07 03 59.00	-43 36 44.2	 6.83	  66.29	 0.779
16 56 01.36	+65 08 04.8	 4.88	  66.28	 0.481
21 00 04.88	+40 04 15.2	10.12	  66.21	 1.520
03 24 59.87	-05 21 42.8	 7.86	  66.15	 1.153
21 54 45.58	-46 59 30.6	11.99	  66.12	 1.560
06 37 11.08	-50 02 17.9	 9.61	  66.11	 1.456
19 24 57.77	+11 56 34.3	 5.17	  66.01	 0.761
00 51 33.63	-22 54 33.8	 8.95	  65.81	 1.290
07 45 35.18	-34 10 35.6	 5.36	  65.79	 0.589
15 47 29.41	-37 54 56.9	 6.01	  65.60	 0.715
17 44 08.72	-51 50 00.9	 5.12	  65.46	 0.694
07 04 25.40	+68 17 19.2	11.95	  65.44	 1.527
01 17 53.20	+05 28 31.7	11.02	  65.30	 1.478
12 12 20.63	+54 29 07.9	 9.71	  65.29	 1.380
11 37 05.20	+29 47 58.4	12.49	  65.28	-0.072
22 57 27.85	+20 46 07.3	 5.45	  65.10	 0.666
20 10 57.08	-30 13 04.4	12.18	  65.06	 0.070
19 25 29.75	+03 06 52.5	 3.36	  65.05	 0.319
12 38 53.13	+11 41 48.3	11.49	  65.04	 1.475
07 04 17.78	-10 30 24.6	10.95	  64.96	 1.535
20 27 41.79	-27 44 44.1	11.41	  64.93	 1.504
06 47 38.16	+37 31 05.3	12.06	  64.91	-0.098
03 54 35.47	-06 49 38.3	 9.02	  64.90	 1.366
03 09 31.15	+45 44 01.2	10.11	  64.83	 1.473
22 29 15.09	-30 00 59.2	 7.65	  64.74	 1.080
06 06 40.55	+15 32 32.5	 6.76	  64.71	 0.814
00 50 07.72	-10 38 37.6	 5.17	  64.69	 0.514
14 14 30.75	-61 47 57.9	12.10	  64.68	
14 34 40.69	+29 44 41.3	 4.47	  64.66	 0.364
18 35 18.01	+45 44 35.4	 9.84	  64.61	 1.415
08 42 52.10	+09 33 16.5	11.83	  64.56	 1.550
19 23 33.96	+33 13 17.7	 6.37	  64.54	 0.804
00 37 19.79	-24 46 02.0	 5.57	  64.38	 0.715
05 48 34.90	-04 05 38.7	 5.97	  64.25	 0.639
07 28 51.46	-30 14 47.4	 9.96	  64.24	 1.442
15 15 59.06	+00 47 48.1	 6.92	  64.19	 0.830
20 03 52.76	+23 20 34.5	 7.28	  64.17	 0.815
15 47 24.84	-10 53 44.3	11.27	  64.16	 1.565
18 51 51.32	+16 35 04.0	10.16	  64.13	 1.447
13 47 16.04	+17 27 24.4	 4.50	  64.12	 0.508
13 41 04.03	-34 27 49.5	 6.92	  64.08	 0.855
22 34 00.55	-25 14 30.1	11.25	  63.98	 1.494
21 48 15.61	-47 18 10.4	 5.57	  63.95	 0.601
18 07 01.61	+30 33 42.7	 5.05	  63.88	 0.528
23 08 06.68	+03 19 42.1	10.90	  63.85	 1.490
20 10 19.86	-20 29 33.1	 8.91	  63.82	 1.296
09 53 11.84	-03 41 20.4	10.53	  63.81	 1.503
10 31 24.69	+45 31 39.0	 8.85	  63.81	 1.330
23 10 15.28	-25 55 52.9	11.27	  63.73	 1.566
13 04 58.23	-52 26 27.6	 9.05	  63.66	 1.362
15 40 34.47	-18 02 57.3	 8.92	  63.56	 1.296
19 16 42.74	-45 53 18.0	 9.38	  63.43	 1.432
03 57 28.81	-01 09 32.8	 8.07	  63.41	 1.115
14 25 46.15	+23 37 23.5	 9.98	  63.35	 1.452
07 34 36.00	+31 53 19.1	 1.58	  63.27	 0.034
20 05 03.36	+54 26 11.1	11.98	  63.23	 1.524
01 52 02.96	+47 00 05.6	12.44	  63.08	 0.170
15 52 40.19	+42 27 00.0	 4.60	  63.08	 0.563
00 02 08.41	-68 16 48.7	 9.24	  63.03	 1.390
05 07 26.68	+18 38 42.0	 4.91	  63.02	 0.657
20 03 36.95	+29 53 53.1	 5.73	  62.92	 0.749
09 58 33.92	-46 25 26.2	11.27	  62.88	 1.555
16 20 52.75	+40 57 40.2	 8.99	  62.86	 1.286
09 46 48.28	+76 02 46.9	10.64	  62.85	 1.382
02 46 17.12	+11 46 32.7	 8.59	  62.83	 1.269
16 48 25.42	-72 58 29.3	11.36	  62.66	 1.600
04 01 18.81	+76 09 38.5	 8.20	  62.57	 1.132
12 21 53.94	+42 08 06.5	 9.36	  62.54	 1.354
00 05 17.87	-67 49 52.4	 8.49	  62.48	 1.076
00 45 48.05	-41 54 32.4	 7.89	  62.41	 1.251
13 23 39.15	+02 43 22.2	 7.06	  62.41	 0.780
22 21 43.01	-65 31 34.3	12.11	  62.40	 1.653
10 01 11.48	-30 23 30.2	11.43	  62.33	 1.485
22 23 28.92	+32 27 35.8	10.70	  62.18	 1.570
13 20 57.71	+34 16 46.8	10.62	  62.13	 1.512
11 23 29.72	+07 01 30.7	10.37	  62.03	 1.240
21 49 05.27	-72 06 06.4	 9.53	  62.00	 1.420
17 30 11.45	-51 38 11.5	 9.58	  61.98	 1.460
12 33 32.26	-68 45 18.2	 7.13	  61.83	 0.836
21 16 32.38	+09 23 38.8	 7.88	  61.83	 1.020
07 57 46.30	-60 18 12.1	 5.59	  61.76	 0.573
11 31 43.76	+22 40 01.4	10.31	  61.76	 1.439
07 23 15.00	+46 05 16.8	10.56	  61.68	 1.442
00 18 16.59	+10 12 10.3	10.88	  61.67	 1.479
10 24 23.74	-74 01 53.6	 3.99	  61.67	 0.369
03 44 09.02	-38 16 56.9	 6.99	  61.63	 0.870
18 40 57.36	-13 22 40.7	10.63	  61.63	 1.505
21 57 41.24	-51 00 18.9	10.36	  61.63	 1.510
21 27 16.84	-06 50 35.9	11.09	  61.57	 1.500
07 03 57.40	-43 36 32.3	 5.56	  61.54	 0.624
22 46 41.44	+12 10 26.7	 4.20	  61.54	 0.502
13 25 49.15	-28 22 25.4	11.04	  61.50	 1.522
03 47 23.24	-01 58 17.5	11.59	  61.45	 1.511
03 43 45.15	+16 40 04.9	10.83	  61.40	 1.470
00 26 52.94	+70 08 34.0	10.52	  61.39	 1.459
09 42 35.97	-19 14 03.2	11.94	  61.35	 1.525
01 39 55.99	+15 15 34.0	 8.68	  61.30	
10 41 09.20	-36 53 41.9	 9.97	  61.30	 1.464
06 33 50.42	-58 31 49.4	11.62	  61.28	 1.500
01 03 13.74	+20 05 51.8	11.36	  61.23	 1.590
10 41 51.90	-36 38 00.7	10.19	  61.18	 1.460
16 32 45.65	+12 36 47.2	12.13	  61.08	 1.470
03 26 58.76	-63 29 54.6	 8.08	  61.07	 1.130
13 47 42.10	-32 25 47.9	 8.13	  61.07	 1.322
21 20 13.93	-19 51 01.9	 9.09	  61.04	 1.340
08 57 04.71	+11 38 51.9	10.60	  60.99	 1.511
14 42 30.69	-64 58 28.5	 3.18	  60.97	 0.256
06 49 56.73	+60 20 04.4	 8.59	  60.96	 1.209
22 01 48.81	+16 28 01.5	10.65	  60.94	 1.498
18 33 55.60	+51 43 11.7	 8.20	  60.90	 1.265
09 00 38.75	+41 47 00.4	 3.96	  60.86	 0.463
13 52 36.41	-50 55 17.8	 7.37	  60.86	 0.891
17 30 23.87	-01 03 45.0	 5.31	  60.80	 0.715
01 14 34.09	-53 56 34.3	11.16	  60.76	 1.637
08 52 00.21	+66 07 52.5	 9.26	  60.63	 1.319
01 17 15.34	-35 42 55.7	11.31	  60.61	 1.510
06 46 44.34	+43 34 37.3	 5.24	  60.56	 0.575
23 48 02.58	+49 00 56.7	12.06	  60.56	 1.630
14 30 48.47	-08 38 44.7	 9.40	  60.53	 1.403
02 39 01.19	-58 11 14.0	 9.48	  60.51	 1.396
04 58 50.47	+49 50 58.4	 9.80	  60.48	 1.413
14 08 12.22	+80 35 55.0	10.31	  60.40	 1.379
14 36 00.44	+09 44 49.7	 7.48	  60.35	 0.973
16 46 13.96	+16 28 44.9	11.74	  60.34	 2.400
14 03 32.30	+10 47 15.1	 6.27	  60.24	 0.733
22 25 56.25	-75 00 52.9	 9.35	  60.24	 1.120
08 09 58.55	-52 58 11.3	11.74	  60.23	 1.523
02 27 45.81	+04 25 53.6	 8.69	  60.22	 1.397
23 43 50.87	+32 32 47.3	13.11	  60.11	 1.550
07 51 46.34	-13 53 49.9	 5.16	  59.98	 0.600
18 50 26.53	-62 03 04.2	10.74	  59.94	 1.480
06 13 45.33	-23 51 43.9	 6.37	  59.90	 0.713
00 09 10.09	+59 09 00.8	 2.28	  59.89	 0.380
19 31 08.54	+58 35 13.1	 6.60	  59.84	 0.859
04 05 20.15	+22 00 33.2	 5.90	  59.79	 0.620
13 55 02.74	-29 05 25.0	 9.53	  59.57	 1.414
13 23 40.84	+02 43 29.2	 7.35	  59.56	 0.869
14 25 42.97	+23 37 11.3	 9.77	  59.54	 1.419
20 10 52.27	+77 14 15.8	 8.88	  59.53	 1.320
08 00 32.24	+29 12 54.7	 6.97	  59.52	 0.716
01 21 59.20	+76 42 37.3	 7.17	  59.46	 0.826
10 39 40.99	-06 55 24.6	11.28	  59.46	 1.503
13 01 20.15	-63 11 38.6	10.92	  59.46	 1.490
16 23 07.86	-24 42 29.3	10.23	  59.46	 1.458
05 33 44.94	+01 56 44.8	11.53	  59.45	 1.576
07 15 50.11	+47 14 25.5	 5.54	  59.31	 0.576
11 02 19.32	+16 30 31.1	11.64	  59.31	 1.454
23 31 20.95	+59 09 54.9	 6.76	  59.31	 0.839
01 21 33.63	-41 39 19.1	10.15	  59.29	 1.383
05 19 12.25	-03 04 26.9	 7.77	  59.29	 1.051
13 33 51.81	-53 25 54.4	12.96	  59.10	
16 52 59.22	-00 01 22.1	 6.65	  59.04	 0.749
23 01 51.31	-03 50 53.6	 7.48	  59.04	 0.943
11 11 19.98	+43 25 06.3	10.92	  59.01	 1.632
14 51 41.07	-24 18 11.1	 7.81	  58.96	 1.036
07 03 50.30	-43 33 44.3	 8.67	  58.89	 1.180
07 56 18.87	+80 15 55.2	 6.55	  58.67	 0.719
23 58 32.60	+07 39 33.9	11.78	  58.62	 1.500
18 48 52.12	+17 26 23.9	 9.17	  58.60	 1.284
10 12 08.47	-18 37 03.8	 9.93	  58.59	 1.413
03 23 35.23	-40 04 35.4	 6.90	  58.53	 0.840
16 09 02.94	+52 56 37.4	10.24	  58.53	 1.585
08 54 18.19	-05 26 04.3	 6.01	  58.50	 0.661
09 29 08.84	-02 46 08.2	 4.59	  58.48	 0.411
18 16 31.10	+45 33 25.3	10.31	  58.47	 1.428
23 44 07.31	-27 11 46.7	 9.01	  58.45	 0.535
08 08 13.37	+21 06 21.4	 9.41	  58.42	 1.340
19 06 52.60	-37 48 35.2	 6.15	  58.24	 0.705
12 48 47.26	+24 50 25.7	 6.29	  58.23	 0.703
14 10 57.68	-31 17 26.3	10.77	  58.18	
09 28 53.42	-07 22 09.6	12.10	  58.17	 1.512
03 43 52.47	+16 40 22.1	 9.99	  58.09	 1.420
07 07 22.80	-21 27 25.5	11.11	  58.04	 1.440
02 42 33.16	-50 48 03.0	 5.40	  58.00	 0.561
23 55 40.06	-06 08 29.8	11.14	  57.97	 1.465
00 40 49.00	+40 11 19.7	 7.36	  57.90	 0.937
06 55 18.69	+25 22 32.3	 5.74	  57.89	 0.573
08 02 31.41	-66 01 14.2	 7.18	  57.88	 0.872
18 50 21.25	-26 55 24.9	 9.65	  57.87	 1.459
15 13 51.64	-01 21 00.6	 6.58	  57.80	 0.763
18 48 29.15	+10 44 47.4	 7.97	  57.79	 1.070
14 13 57.35	+30 13 00.3	 8.03	  57.78	 1.064
15 49 36.62	+51 02 54.7	12.84	  57.78	 2.200
03 18 07.15	+38 15 12.4	10.29	  57.75	 1.449
01 42 29.15	-53 44 26.1	 5.52	  57.63	 0.551
23 58 42.94	+46 43 45.0	 9.57	  57.62	 1.355
03 47 58.33	+02 47 19.9	11.05	  57.59	 1.495
18 06 23.64	-36 01 11.3	 5.94	  57.58	 0.615
12 44 59.68	+39 16 42.9	 5.95	  57.57	 0.557
03 10 15.54	+05 54 36.4	11.82	  57.53	 1.500
03 48 00.83	+68 40 20.2	 9.17	  57.53	 1.314
03 48 01.34	+68 40 36.8	 9.41	  57.53	 1.530
13 19 40.33	+33 20 48.8	10.62	  57.52	 1.469
05 29 27.07	+15 34 39.4	10.55	  57.50	 1.500
17 21 00.21	-21 06 44.8	 4.39	  57.48	 0.394
11 02 18.04	+16 30 34.9	11.35	  57.46	 1.600
16 01 02.80	+33 18 19.4	 5.39	  57.38	 0.612
21 34 49.91	+51 32 10.9	12.01	  57.37	 1.800
15 53 12.19	+13 11 52.8	 6.07	  57.27	 0.598
07 57 57.88	-00 48 51.9	 8.05	  57.26	 1.065
01 55 56.83	-51 36 34.5	 3.69	  57.19	 0.844
10 31 43.30	+57 06 55.6	 9.63	  57.18	 1.361
16 57 42.35	+47 21 41.4	 7.93	  57.13	 1.004
15 41 11.52	-44 39 38.0	 4.64	  57.09	 0.413
06 41 15.58	+23 57 30.2	 8.08	  57.07	 1.021
09 17 53.42	+28 33 42.3	 7.20	  57.05	 0.992
22 36 09.65	-00 50 24.5	 9.98	  57.04	 1.411
06 45 17.43	+12 53 45.8	 3.35	  57.02	 0.443
17 43 25.85	-21 40 59.1	 4.86	  57.00	 0.469
07 29 01.66	+31 59 36.3	 7.73	  56.98	 0.923
10 56 30.95	+07 23 19.2	 7.37	  56.98	 0.920
11 17 07.37	-27 48 48.0	 9.78	  56.96	 1.383
15 04 19.28	+60 23 03.0	11.00	  56.94	 1.500
00 06 18.90	-65 50 21.1	12.17	  56.92	 1.550
20 17 30.63	+66 51 10.7	 5.91	  56.92	 0.602
11 16 22.25	-14 41 35.1	 9.98	  56.87	 1.401
13 02 20.79	-26 47 11.8	 8.35	  56.87	 1.216
14 46 23.35	+16 29 56.2	 9.23	  56.87	 1.261
14 23 15.15	+01 14 33.8	 6.25	  56.82	 0.639
16 19 31.48	-30 54 06.9	 7.29	  56.82	 0.585
00 16 11.24	-79 51 03.7	 6.59	  56.76	 0.749
03 56 36.33	-41 20 37.7	 8.85	  56.69	 1.214
21 07 10.15	-13 55 22.1	 7.12	  56.67	 0.901
20 04 06.47	+17 04 16.2	 5.80	  56.60	 0.600
11 26 45.75	+03 00 45.6	 6.49	  56.59	 0.778
20 56 48.07	-04 50 47.2	11.87	  56.56	 1.490
11 14 06.41	+20 31 26.5	 2.56	  56.52	 0.128
07 07 50.87	+67 12 05.1	11.17	  56.51	 1.499
20 05 31.49	-67 19 09.3	 6.07	  56.45	 0.648
16 27 57.05	+07 18 21.9	 8.83	  56.43	 1.253
01 32 26.57	-21 54 10.7	11.16	  56.42	 1.492
05 24 30.14	-38 58 10.2	 9.08	  56.36	 1.248
01 51 48.35	-10 48 07.8	11.80	  56.35	 1.475
09 32 43.86	+26 59 20.9	 7.05	  56.35	 0.779
11 34 38.35	-23 52 12.6	11.16	  56.35	 1.505
18 10 26.26	-62 00 10.0	 5.47	  56.32	 0.592
11 47 15.99	-30 17 09.4	 6.48	  56.26	 0.681
09 43 25.63	+42 41 36.8	 8.13	  56.23	 1.133
14 19 01.13	-25 48 58.7	 5.87	  56.23	 0.518
04 36 48.09	+27 07 57.2	 8.10	  56.02	 1.104
06 46 14.47	+79 33 58.6	 5.44	  56.02	 0.525
19 06 25.04	-37 03 45.9	 4.23	  55.89	 0.523
16 25 13.37	-21 56 11.5	10.40	  55.81	 1.444
03 46 50.99	-23 14 54.4	 4.22	  55.79	 0.434
12 35 00.97	+09 49 45.4	11.40	  55.79	 1.429
05 26 14.57	-32 30 16.4	 7.70	  55.76	 0.946
14 50 15.72	+23 54 42.4	 5.86	  55.73	 0.576
20 19 37.25	-46 25 40.3	 8.73	  55.73	 1.167
11 13 13.42	+04 28 56.7	 8.70	  55.72	 1.179
13 16 46.71	+09 25 25.3	 5.19	  55.71	 0.585
16 57 53.31	+47 21 57.7	 7.76	  55.71	 0.980
00 21 19.56	-45 44 40.0	10.41	  55.68	 1.475
04 55 41.79	-28 33 48.1	 8.13	  55.67	 1.072
13 20 36.07	-36 42 43.5	 2.75	  55.64	 0.068
04 49 52.35	-35 06 26.5	 7.49	  55.59	 0.901
11 26 46.70	+03 00 21.1	 7.58	  55.59	 1.002
00 24 25.50	-27 01 37.1	 7.92	  55.53	 0.940
06 27 45.94	+20 46 59.6	 8.59	  55.52	 1.029
12 23 01.05	+64 01 47.7	11.63	  55.50	 1.610
13 30 14.29	-08 34 25.3	12.31	  55.50	 0.026
19 32 06.56	-11 16 29.9	 7.53	  55.50	 0.922
13 14 15.43	-59 06 10.3	 4.90	  55.49	 0.489
07 52 15.80	-34 42 21.7	 5.01	  55.48	 0.470
13 19 34.43	+35 06 32.2	12.03	  55.48	 1.470
08 51 44.34	+18 07 30.4	11.54	  55.46	 1.481
07 20 07.39	+21 58 56.4	 3.50	  55.45	 0.374
21 30 02.15	-12 30 34.0	 9.11	  55.38	 1.261
10 08 43.18	+34 14 32.7	 7.56	  55.37	 0.965
17 02 36.30	+47 04 47.3	 6.76	  55.37	 0.728
17 04 27.79	-28 34 55.3	 6.59	  55.31	 0.814
12 35 58.50	-45 56 14.6	11.09	  55.29	 1.482
12 57 40.45	+35 13 31.5	10.57	  55.27	 1.423
17 16 00.72	+11 03 30.7	11.01	  55.24	 1.773
13 28 25.95	+13 46 48.7	 4.97	  55.22	 0.714
06 13 12.46	+10 37 40.3	 6.43	  55.20	 0.663
08 20 03.87	+27 13 07.0	 5.13	  55.17	 0.487
16 10 24.21	+43 49 06.1	 6.61	  55.11	 0.877
16 48 45.96	-15 44 18.2	10.89	  55.09	 1.468
17 29 06.74	-23 50 09.4	 9.61	  55.03	 1.272
05 37 08.79	-80 28 18.0	 5.65	  54.92	 0.600
12 32 04.48	-16 11 45.1	 4.30	  54.92	 0.388
00 21 56.00	-31 24 20.1	11.16	  54.91	 1.485
07 58 04.14	-25 37 33.7	 8.42	  54.91	 1.043
11 05 42.77	+10 14 15.6	12.37	  54.90	 1.572
04 16 29.08	-59 18 06.3	 4.44	  54.84	 1.078
01 54 38.35	+20 48 29.9	 2.64	  54.74	 0.165
08 44 23.00	-44 28 22.0	10.65	  54.68	 1.432
07 57 48.40	-33 57 10.5	 8.83	  54.62	 1.136
09 01 17.55	+15 15 59.5	 8.67	  54.57	 1.285
08 14 36.17	+13 01 21.3	 8.79	  54.53	 1.186
09 32 25.72	-11 11 05.0	 7.82	  54.52	 0.933
03 14 44.48	-26 26 47.4	 9.17	  54.48	 1.235
21 44 31.19	+14 46 20.0	 5.96	  54.37	 0.587
06 59 59.85	-61 20 12.6	 6.81	  54.33	 0.786
09 48 35.18	+46 01 16.4	 5.08	  54.26	 0.619
09 14 53.72	+04 26 34.4	 7.91	  54.25	 1.035
17 11 24.61	-38 24 34.5	12.25	  54.25	
00 51 28.10	+58 18 03.8	10.66	  54.23	 1.363
04 09 34.92	+69 32 31.6	 7.70	  54.17	 0.952
13 33 32.70	+08 35 11.5	 7.98	  54.15	 1.026
23 38 17.26	-41 31 02.0	11.95	  54.15	 1.551
04 03 13.76	+35 16 35.7	 8.51	  54.14	 0.863
21 14 28.79	+10 00 27.8	 4.47	  54.11	 0.529
07 29 06.61	+31 47 02.7	 4.16	  54.06	 0.320
08 39 50.86	+11 31 26.0	 7.61	  53.98	 0.832
13 23 33.10	+29 14 12.8	 8.88	  53.97	 1.321
17 17 50.41	+52 26 51.3	 7.93	  53.97	 1.019
16 05 40.29	-20 26 57.1	 7.39	  53.93	 1.043
02 43 20.65	+19 25 45.4	 8.23	  53.89	 1.074
09 30 42.11	-40 28 00.8	 3.60	  53.89	 0.371
23 43 34.71	+19 07 47.7	 9.11	  53.88	 0.413
00 53 04.28	+61 07 24.8	 4.80	  53.85	 0.540
20 39 37.20	+04 58 18.7	 7.88	  53.82	 1.241
13 06 15.43	+20 43 44.4	 9.44	  53.78	 1.290
19 36 26.54	+50 13 13.7	 4.49	  53.78	 0.395
11 07 27.85	-19 17 29.0	10.38	  53.75	 1.430
15 23 12.23	+30 17 17.7	 4.99	  53.70	 0.577
06 57 04.63	+30 45 25.3	 9.68	  53.67	 1.359
14 17 24.35	+45 26 40.3	10.19	  53.64	 1.391
14 43 03.56	-05 39 26.7	 3.87	  53.54	 0.385
16 55 37.95	-32 04 00.8	 9.58	  53.54	 1.378
14 06 41.32	-36 22 07.3	 2.06	  53.52	 1.011
23 39 51.21	-32 44 33.6	 7.18	  53.52	 0.802
07 02 43.04	-06 47 54.5	 8.38	  53.47	 1.078
21 19 46.00	-26 21 07.2	 6.56	  53.40	 0.737
21 09 21.52	-73 10 20.2	 5.67	  53.38	 0.590
22 10 08.48	-32 32 54.4	 4.94	  53.36	 0.489
18 29 52.31	-01 49 03.5	 8.04	  53.30	 1.074
12 48 10.20	-24 48 18.0	 9.90	  53.29	 1.380
06 51 32.60	+47 22 10.2	 8.95	  53.12	 1.232
00 49 26.44	-23 12 46.0	 7.15	  53.09	 0.769
18 33 05.20	-54 15 46.2	 8.50	  53.00	 1.115
20 05 09.59	+38 28 41.5	 6.18	  52.99	 0.654
01 38 29.64	+00 39 04.3	11.60	  52.95	 1.496
15 22 04.27	-04 46 38.7	 9.46	  52.95	 1.310
00 11 15.91	-15 28 02.4	 4.89	  52.94	 0.487
22 37 29.89	+39 22 54.6	 9.41	  52.94	 1.367
19 57 19.70	-12 34 00.3	 9.29	  52.92	 1.318
02 29 01.31	-19 58 46.6	 8.78	  52.90	 1.120
22 50 37.11	+34 51 19.0	11.72	  52.82	 1.523
18 21 18.92	-02 53 49.6	 3.23	  52.81	 0.941
17 13 40.72	-08 25 11.2	12.00	  52.76	 1.548
01 20 41.06	+57 19 36.7	10.36	  52.71	 1.340
08 37 08.04	+15 07 53.4	11.80	  52.66	 1.563
17 36 13.19	+71 52 42.4	 8.55	  52.57	 1.089
18 16 02.19	+13 54 52.6	10.18	  52.57	 1.404
21 46 35.68	-57 42 04.3	 8.77	  52.56	 1.322
07 18 32.86	+17 53 41.6	 9.68	  52.47	 0.274
19 14 39.54	+19 18 59.9	11.56	  52.45	 1.500
15 35 19.84	+60 05 14.6	 8.39	  52.43	 1.063
16 54 12.36	+11 54 50.1	10.75	  52.43	 1.405
03 07 55.97	-28 13 10.0	10.21	  52.38	
07 03 30.35	+29 20 20.7	 5.93	  52.37	 0.595
18 45 39.73	+20 32 49.6	 4.19	  52.37	 0.483
08 29 55.67	+61 43 39.0	10.29	  52.33	 1.345
16 58 53.85	-39 33 32.7	 8.33	  52.30	 1.181
21 04 53.94	-16 57 14.1	11.45	  52.26	 1.443
09 08 51.20	+33 52 57.0	 5.95	  52.25	 0.585
15 04 53.88	+05 38 21.6	 9.83	  52.11	 1.300
19 56 36.75	-31 20 07.4	 8.42	  52.11	 1.025
13 33 19.66	-77 34 23.6	 9.31	  52.09	 0.914
21 18 02.70	+00 09 43.3	 8.15	  52.03	 0.990
07 54 34.33	-01 24 43.6	 7.43	  52.01	 0.739
04 02 36.66	-00 16 05.9	 5.38	  52.00	 0.516
08 07 32.70	-24 18 16.0	 2.83	  51.99	 0.458
23 19 05.51	-60 31 14.0	 8.93	  51.97	 1.154
20 00 43.71	+22 42 41.3	 7.67	  51.94	 0.932
13 45 41.57	-33 02 36.1	 4.23	  51.91	 0.390
16 40 49.00	+36 18 58.6	11.45	  51.88	
05 47 17.08	-51 04 00.2	 3.85	  51.87	 0.171
18 19 50.84	-01 56 19.0	 9.66	  51.81	 1.350
23 35 00.08	+01 36 19.2	 9.59	  51.80	 1.329
06 17 16.25	+05 05 58.9	 5.70	  51.76	 0.610
09 30 28.13	-32 06 15.0	 8.31	  51.71	 0.985
20 02 34.25	+15 35 36.6	 7.15	  51.71	 0.714
00 57 18.46	-62 14 45.3	 9.50	  51.66	 1.299
21 02 40.42	+45 53 03.9	 7.69	  51.65	 0.970
19 51 01.50	+10 24 57.8	 5.12	  51.57	 0.563
22 23 32.67	-57 13 11.0	10.82	  51.57	 1.470
05 30 13.98	-42 41 49.1	 9.72	  51.56	 1.343
04 58 45.53	+50 56 40.7	10.97	  51.51	 1.432
06 36 18.40	-40 00 24.2	10.60	  51.51	 1.459
20 27 44.25	-30 51 59.7	 6.61	  51.50	 0.724
23 14 16.36	-19 38 39.9	10.46	  51.44	 1.449
22 52 48.35	-28 47 40.3	11.82	  51.42	 1.533
08 18 31.27	-76 55 11.9	 4.05	  51.40	 0.413
17 22 51.26	-02 23 16.5	 6.28	  51.39	 0.680
23 23 04.63	-10 45 53.6	 7.80	  51.37	 0.881
01 33 15.63	-24 10 39.3	 6.97	  51.27	 0.766
15 00 43.42	-11 08 02.3	 9.49	  51.26	 1.372
14 02 19.57	+13 41 23.9	10.68	  51.21	 1.559
14 45 24.32	+13 50 48.7	 7.87	  51.20	 0.931
16 28 52.88	+18 24 47.2	 6.98	  51.20	 0.848
07 54 11.08	-25 18 13.2	 9.75	  51.16	 1.385
08 28 22.85	+35 01 02.1	10.76	  51.13	 1.568
00 13 37.81	+80 39 55.2	11.14	  51.12	 1.556
09 14 20.55	+61 25 24.2	 5.18	  51.12	 0.605
05 27 39.53	-60 24 56.8	 6.99	  51.10	 0.755
14 13 31.13	-06 57 33.5	10.15	  51.06	 1.418
14 29 22.57	+80 48 36.6	 6.88	  51.04	 0.774
06 16 26.57	+12 16 18.2	 5.04	  51.00	 0.431
07 27 28.78	+22 02 39.2	11.25	  50.93	 1.495
01 53 04.90	+29 34 45.8	 3.42	  50.87	 0.488
14 47 16.27	+02 42 12.3	 7.76	  50.84	 0.893
07 33 00.62	+37 01 47.4	 7.68	  50.80	 0.863
17 43 00.67	+05 47 22.1	10.68	  50.80	 1.507
12 06 52.85	-64 36 49.1	 4.14	  50.79	 0.353
23 45 49.25	+36 15 17.8	 9.89	  50.78	 1.338
01 56 31.97	-60 13 37.6	 8.61	  50.76	 1.143
00 23 31.03	+77 11 21.1	11.31	  50.71	 1.462
22 58 15.54	-02 23 43.2	 6.17	  50.71	 0.744
15 07 17.95	+24 52 10.5	 4.93	  50.70	 0.429
23 19 26.02	+79 00 12.0	 7.53	  50.65	 0.893
03 23 16.95	-49 59 33.3	 8.58	  50.64	 1.068
11 38 59.82	+42 19 39.9	 8.22	  50.61	 0.980
07 19 30.99	+32 49 51.4	10.06	  50.59	 1.420
22 14 31.55	+27 51 14.0	10.33	  50.56	 1.426
03 24 06.34	+23 47 07.2	10.38	  50.54	 1.510
13 34 43.38	-08 20 30.5	 9.24	  50.54	 1.210
21 57 26.01	+08 08 13.0	11.02	  50.43	 1.439
06 36 41.00	-19 15 20.6	 3.95	  50.41	 1.037
20 22 41.11	-58 17 04.6	10.60	  50.36	 1.455
02 09 35.82	-14 21 29.6	11.78	  50.34	 1.517
15 28 09.57	-09 20 49.9	 6.89	  50.34	 0.788
12 48 10.91	-24 48 25.2	 8.90	  50.31	 1.149
23 08 15.21	-24 44 34.5	10.20	  50.30	 1.120
00 41 30.72	-33 37 29.8	10.58	  50.29	 1.432
20 13 59.88	-00 52 03.1	 7.79	  50.27	 0.938
07 29 55.86	+49 40 21.6	 5.35	  50.25	 0.470
05 22 37.46	+02 36 12.7	 7.76	  50.24	 0.980
08 39 08.07	-22 39 46.5	 5.05	  50.20	 0.720
13 51 20.70	-24 23 23.2	 6.43	  50.20	 0.703
20 44 21.95	+19 45 04.1	10.29	  50.18	 1.457
20 42 56.78	-18 54 58.6	10.80	  50.17	 1.450
03 23 15.67	-49 59 41.2	10.24	  50.16	 1.386
21 20 10.46	-67 39 06.4	10.90	  50.15	 1.450
22 47 32.68	+83 41 48.3	 7.53	  50.15	 0.867
00 21 37.52	-46 05 30.3	12.21	  50.10	 1.537
04 35 55.20	+16 30 35.1	 0.87	  50.09	 1.538
07 54 54.01	+19 14 14.8	 7.76	  50.05	 0.950
19 12 25.55	-55 52 06.1	11.31	  50.04	 1.450
07 13 07.44	-63 20 46.9	 9.08	  50.02	 1.255
19 12 11.12	+57 40 15.6	 7.04	  50.00	 0.804
13 00 25.84	-34 36 25.0	10.60	  49.95	
23 04 29.76	+66 45 52.5	 9.86	  49.94	 1.392
08 55 07.60	+01 32 56.6	 9.99	  49.92	 1.372
00 16 14.19	+19 51 44.2	11.79	  49.91	 1.485
12 47 01.64	+46 37 36.0	11.71	  49.89	
10 22 24.20	-60 10 34.1	10.52	  49.88	 1.440
16 50 10.24	-34 17 33.4	 2.29	  49.85	 1.144
09 26 53.96	+75 56 04.2	 9.02	  49.84	 1.203
19 10 52.32	-47 09 25.5	 9.36	  49.84	 1.318
22 26 34.15	-16 44 31.7	 5.55	  49.80	 0.618
05 53 00.29	-05 59 38.4	 9.70	  49.74	 1.321
04 31 09.14	-13 30 50.8	11.47	  49.73	
12 09 55.30	-46 12 29.5	 8.46	  49.72	 1.137
12 45 14.63	-57 21 27.7	 7.82	  49.71	 0.937
04 40 33.82	-41 51 48.9	 4.44	  49.67	 0.342
15 22 46.98	+18 55 07.6	 7.16	  49.67	 0.804
11 45 34.34	-20 21 13.1	11.79	  49.63	 1.482
16 37 08.37	+00 15 15.0	 7.09	  49.63	 0.828
12 15 26.96	-31 05 38.2	 9.74	  49.62	 1.383
19 33 25.57	+21 50 27.0	 6.89	  49.61	 0.745
04 40 29.33	-09 11 45.0	10.27	  49.58	 1.490
10 46 36.99	-24 35 06.8	 9.37	  49.51	 1.165
02 07 10.29	+23 27 46.0	 2.01	  49.48	 1.151
23 00 36.47	-23 58 07.6	11.60	  49.36	 1.510
05 18 47.28	-21 23 37.2	 9.35	  49.34	 1.298
23 16 42.19	+53 12 50.6	 5.58	  49.31	 0.556
00 06 15.54	+58 26 12.1	 5.98	  49.30	 0.687
21 44 30.01	+41 35 50.5	 9.65	  49.27	 1.334
04 16 01.49	-51 29 13.5	 4.26	  49.26	 0.312
21 54 44.89	+32 19 44.9	 7.73	  49.21	 0.911
00 12 50.38	-57 54 45.7	 7.22	  49.18	 0.775
14 41 52.19	-75 08 22.0	 6.73	  49.15	 0.707
23 00 33.28	-23 57 07.3	11.56	  49.15	 1.526
14 34 58.31	+33 44 46.1	 9.54	  49.11	 1.283
19 45 33.52	+33 36 11.0	 7.68	  49.09	 1.000
17 05 16.83	+00 42 12.1	 6.00	  49.06	 0.578
00 22 51.55	-12 12 34.5	 6.39	  49.05	 0.659
20 14 28.18	-07 16 52.8	10.19	  49.03	 1.351
07 01 38.11	+48 22 47.0	 7.98	  48.96	 0.986
04 15 09.48	-04 25 05.1	 9.38	  48.95	 1.209
10 14 19.27	+21 04 30.9	10.01	  48.95	 1.247
11 46 42.49	-14 00 44.9	11.68	  48.95	 1.478
13 12 43.87	-02 15 54.2	 7.56	  48.95	 0.930
01 15 45.50	-68 52 34.5	 4.25	  48.94	 0.480
09 02 19.52	+08 28 08.3	11.74	  48.92	 1.427
04 45 38.99	-50 04 24.3	 7.58	  48.90	 0.875
09 10 23.53	+67 08 03.3	 4.80	  48.87	 0.489
21 01 38.93	-32 31 27.1	 9.37	  48.87	 1.239
21 24 40.42	-68 13 41.7	 6.98	  48.86	 0.723
09 12 17.87	+14 59 43.6	 6.49	  48.83	 0.731
13 12 03.47	-37 48 11.3	 4.85	  48.83	 0.693
20 11 06.33	+16 11 13.3	 7.34	  48.83	 0.830
03 18 58.36	-36 23 33.6	11.84	  48.81	 1.540
22 24 56.19	-57 47 47.8	 5.31	  48.81	 0.665
13 34 21.41	+04 40 03.7	 9.95	  48.78	 1.385
05 38 12.38	+51 26 43.7	 7.74	  48.72	 0.834
17 12 37.56	+18 21 05.3	 7.95	  48.69	 0.941
11 53 16.19	-07 22 23.2	11.89	  48.63	 1.540
05 46 01.53	+37 17 09.2	 7.34	  48.60	 0.833
23 16 57.47	-62 00 04.1	 5.64	  48.60	 0.521
04 07 34.22	+38 04 30.3	 7.13	  48.59	 0.865
08 58 37.77	+20 32 49.8	 9.22	  48.53	 1.116
19 45 35.65	+30 00 37.7	 9.15	  48.49	 1.175
11 15 20.69	-18 08 36.0	 9.97	  48.47	 1.340
10 18 51.90	+44 02 56.6	 6.66	  48.45	 0.653

